,Area Locality
Bandra West,37
Gachibowli,29
Electronic City,24
Velachery,22
"Miyapur, NH 9",22
Madipakkam,20
Chembur,19
Laxmi Nagar,19
K R Puram,19
Kondapur,18
Medavakkam,17
"Banjara Hills, NH 9",17
Iyyappanthangal,17
Salt Lake City Sector 2,16
Sholinganallur,16
"Chromepet, GST Road",15
Andheri West,15
Vadapalani,15
Attapur,14
"Perungalathur, Chennai Bypass Road",14
Chhattarpur,14
Ambattur,14
Salt Lake City Sector 1,14
Behala,14
"Manikonda, Outer Ring Road",14
"Murugeshpalya, Airport Road",14
Kasba,13
Salt Lake City Sector 5,13
Old Mahabalipuram Road,13
"Kukatpally, NH 9",13
Mahadevapura,13
kst chattarpur Apartments,13
Ramamurthy Nagar,12
Hebbal,12
Vijayanagar,12
whitefield,12
Saket,12
Porur,12
Goregaon West,12
Khar West,12
"Electronic City Phase 2, Electronic City",11
Madhapur,11
Bandlaguda Jagir,11
"Nallagandla, Serilingampally",11
Jubilee Hills,11
Sainikpuri,11
"Jp Nagar Phase 7, J P Nagar",11
Toli Chowki,11
"Boduppal, NH 2 2",11
"Uppal, NH 2 2",11
Choolaimedu,11
Vasant Kunj,11
"Valasaravakkam, Arcot Road",11
Kolathur,11
Rajajinagar,10
"Adyar, Sardar Patel Road",10
"Arjun Nagar, Safdarjung Enclave",10
T Nagar,10
Thiruvanmiyur,10
Chhattarpur Enclave,10
Paschim Vihar,10
"Beeramguda, Ramachandra Puram, NH 9",10
Garia,10
Baghajatin,9
Nizampet,9
"Padur, Old Mahabalipuram Road",9
Koramangala,9
Thoraipakkam,9
Salt Lake City,9
"Himayath Nagar, NH 7",9
Kapra,9
Ashok Nagar,9
"Kelambakkam, Old Mahabalipuram Road",8
Old Bowenpally,8
Janakpuri,8
Santoshpur,8
Uttam Nagar,8
Dum Dum,8
Safdarjung Enclave,8
Anna Nagar,8
Amberpet,8
Mangadu,8
Pitampura,8
Birati,8
Anakaputhur,8
Bommanahalli,8
Chandivali,8
Pallikaranai,8
"Urapakkam, Vandalur R.F, GST Road",8
Lajpat Nagar 4,8
Yelahanka,8
Lajpat Nagar,8
Madambakkam,8
"Kaggadasapura, Indira nagar",8
Kodambakkam,8
Mehdipatnam,8
Malviya Nagar,8
Kanakapura Road,8
Bansdroni,8
J P Nagar,8
Perumbakkam,7
Mylapore,7
Adambakkam,7
"Narsingi, Outer Ring Road",7
"Ajmera Bhakti Park, Bhakti Park",7
Selaiyur,7
Mathikere,7
Banaswadi,7
Mambalam West,7
Kompally,7
Perambur,7
Btm Layout,7
Andheri East,7
Pammal,7
Santacruz West,7
"Pragathi Nagar, Kukatpally",7
"Garia Station, Garia",7
Mulund West,7
Mehrauli,7
JVPD Scheme,7
"Somajiguda, NH 9",7
"Hafeezpet, NH 9",7
C V Raman Nagar,7
"LB Nagar, NH 9",7
"Bolarum, Medchal Road",7
Dum Dum Metro,7
Keshtopur,7
Thakurpukur,7
"Purasawalkam, PH Road",6
Kothapet,6
"Electronics City Phase 1, Electronic City",6
"L&T Emerald Isle, Powai",6
Kandivali West,6
Padmanabha Nagar,6
"Vanasthalipuram, NH 9",6
"Tambaram, GST Road",6
Rajouri Garden,6
Jadavpur,6
Arumbakkam,6
Najafgarh,6
Kalkaji,6
Defence Colony,6
Begumpet,6
Ghatkopar West,6
Baguiati,6
Horamavu,6
Mahindra World City,6
Rohini Sector 24,6
Mugalivakkam,6
Gottigere,6
"Korattur, Jawaharlal Nehru Road",6
Worli,6
Virugambakkam,6
"Shapoorji Pallonji Vicinia, Chandivali",6
Seven Bungalows,6
Nagole,6
Yeshwantpur,6
Sodepur,6
Baranagar,6
Rampally,6
"Hayathnagar, NH 9",6
"Auris Serenity, Kanch Pada",6
Chanda Nagar,6
Kaikhali,6
"Rajendra Nagar, Outer Ring Road",6
Kovilambakkam,5
Neb Sarai,5
Old Nallakunta,5
Lajpat Nagar 1,5
Lokhandwala Complex,5
Thalambur,5
Tambaram East,5
Bannerghatta Main Road,5
"Chandanagar, NH 9",5
"Jp Nagar Phase 5, J P Nagar, Outer Ring Road",5
T Dasarahalli,5
Dwarka Mor,5
Indira Nagar,5
Maruthi Sevanagar,5
Bilekahalli,5
Alwal,5
Howrah,5
"Kattupakkam, PH Road",5
"Kachiguda, NH 2 2",5
Nungambakkam,5
Tiruvottiyur,5
"Jalahalli, Jalahalli, Outer Ring Road",5
Dr A.S. Rao Nagar,5
Kovur,5
Hulimavu,5
Barrackpore,5
Serilingampally,5
Vidyaranyapura,5
Meerpet,5
Thanisandra,5
Bhandup West,5
Marathahalli,5
Puppalaguda,5
"Tambaram West, Tambaram, Chennai Bypass Road",5
Salt Lake City Sector 3,5
Dammaiguda,5
Rayasandra,5
Ayappakkam,5
Hyderguda,5
Ghatkopar East,5
Alwarpet,5
Old Washermanpet,5
Suchitra Circle,5
"Financial District, Nanakram Guda",5
Banashankari,5
Pallavaram,5
DS 19,5
Varthur,5
KK Nagar,5
Navalur,5
Nagarbhavi,5
Barasat,5
"DB Woods, Gokuldham",4
Shivaji Nagar,4
Arakere,4
"Runwal Elegante, Andheri West",4
"Runwal Forests, Kanjurmarg West",4
Mahim West,4
Santacruz East,4
Malad East,4
Kengeri,4
Gopalapuram,4
Halasuru,4
Hebbal Kempapura,4
"Villivakkam, Jawaharlal Nehru Road",4
"Oberoi Esquire, Goregaon East",4
Shalimar bagh,4
"R.A Puram, Mandaiveli",4
Sarvodaya Enclave,4
Juhu,4
Guduvancheri,4
Surajmal Vihar,4
Chembur East,4
Greater Kailash 1,4
Borivali East,4
Chittaranjan Park,4
East Of Kailash,4
Uttarahalli,4
Koyambedu,4
Borivali West,4
Perungudi,4
Royapettah,4
Mayur Vihar 1,4
Karol Bagh,4
Powai,4
Poonamallee,4
Malad West,4
Breach Candy,4
Mandaiveli,4
Greater Kailash 2,4
Hennur Main Road,4
Pandav Nagar,4
Lower Parel,4
"Egmore, PH Road",4
"Kattigenahalli, Bellary Road",4
Hydershakote,4
Chikkabanavara,4
Sembakkam,4
Hooghly-Chinsurah,4
Frazer Town,4
Mogappair East,4
Agarpara,4
Semmancheri,4
Sonarpur,4
Lake Town,4
Belghoria,4
Nanmangalam,4
Langar Houz,4
Jagadgiri Gutta,4
"Quthbullapur, NH 7",4
"Malakpet, NH 9",4
"Padmarao Nagar, Hyderabad-Karimnagar Highway",4
BHEL,4
"Upparpally, Hyderabad Expressway",4
"Ramanthapur, NH 2 2",4
Ram nagar,4
"Sakher Bazar, Purba Barisha",4
Tollygunge,4
"Ramachandra Puram, NH 9",4
Basaveshwar Nagar,4
Nri Layout,4
Baguihati,4
Masab Tank,4
"Ashok Nagar, Himayath Nagar",4
"Baishnabghata Patuli Township, Patuli",4
Hongasandra,4
Shyam Bazar,4
Ballygunge,4
Baruipur,4
Anna Nagar West Extension,4
Moula Ali,4
Mira Road,4
Model Town,4
Mulund East,3
Hbr Layout,3
Basaveshvara Nagar,3
"Oberoi Splendor, JVLR-Jogeshwari Vikhroli Link Road",3
"Habsiguda, NH 2 2",3
Sunkadakatte,3
Bachupally,3
"7 Bungalow, Seven Bungalows",3
"Hiranandani Castle Rock, Hiranandani Gardens",3
South Extension 1,3
Basava Nagar,3
Kamla Nagar,3
"Basheer Bagh, NH 7",3
"Auris Serenity, Malad West",3
"Shivalik, Malviya Nagar",3
"Panduranga Nagar, bannerghatta main Road",3
Hosakerehalli,3
Mahipalpur,3
Dwarka,3
"Sundar Nagar, Kalina",3
Kodi Halli,3
Yelahanka New Town,3
"Adani Western Heights, Andheri West",3
Mayur Vihar Phase 1 Extension,3
Mahavir Enclave Part 1,3
Almasguda,3
"Godrej The Trees, Vikhroli East",3
"New Garia, Garia",3
"AGCR Enclave, Anand Vihar",3
Sion,3
"Saidabad Colony, Sayeedabad",3
Hsr Layout,3
"Salvation CHS, Dadar West",3
Kanjurmarg East,3
Ghitorni,3
Patel Nagar West,3
Behala Chowrasta,3
Battarahalli,3
Nandini Layout,3
Naihati,3
Byrathi,3
Nagaram,3
Aya Nagar,3
Kammanahalli,3
Gautam Nagar,3
"Hyder Nagar, NH 9",3
Raj Bhawan Road,3
Qutub Shahi Tombs,3
Palam,3
"Nahar Amrit Shakti powai, Chandivali",3
Vikaspuri,3
Peeramcheru,3
New Town,3
"Lodha Marquise, Worli",3
"Paryavaran Complex, Sainik Farm",3
"Old Malakpet, NH 9",3
Patparganj,3
Shadipur,3
Thane-Kalyan-Dombivli,3
"Mohan Garden, Razapur Khurd",3
Burari,3
Malleshwaram,3
Malabar Hill,3
Begur,3
"Peerzadiguda, NH 2 2",3
Tarnaka,3
"Rabindra Pally, Keshtopur",3
Joka,3
Mira Road East,3
"Safdarjung Development Area, Hauz Khas",3
"Indiabulls Blu, Worli",3
"Hennur, Hennur Bagalur Road",3
"Indraprastha Extension, Patparganj",3
"Trump Tower, Worli",3
"Madinaguda, Hafeezpet, NH 9",3
Rajarajeshwari Nagar,3
"Lodha New Cuffe Parade, Bhakti Park",3
Nandambakkam,3
"Gandhi Colony, Netaji Nagar",3
"Lodha World Crest, Lower Parel",3
Prabhadevi,3
Jalladian Pet,3
"Btm Layout Stage 2, BTM Layout",3
Mogappair West,3
Nanganallur,3
Mannivakkam,3
Keelkattalai,3
Besant Nagar,3
Byatarayanapura,3
Bhakti Park,3
Pudupakkam,3
Kamala Nagar,3
Musheerabad,3
"Aminjikarai, PH Road",3
Ponniammanmedu,3
"Ms Palya, Vidyaranyapura",3
Mazgaon,3
Sithalapakkam,3
"Bombay Dyeing Two ICC, Dadar East",3
Siruseri,3
Old Airport Road,3
Raja Annamalai Puram,3
Maduravoyal,3
"Madhavaram, Guntur Chennai Highway",3
"Nemilichery, Chromepet",3
"Hrbr Layout Block 2, Kalyan Nagar, Outer Ring Road",3
"Dooravani Nagar, Dooravani Nagar",3
Abbigere,3
"Chetpet, PH Road",3
Chitlapakkam,3
Chikkalasandra,3
"Jp Nagar Phase 1, J P Nagar",3
Oragadam,3
"Lodha New Cuffe Parade, Wadala East",3
"Ghatkesar, NH 2 2",3
Basavanagudi,3
"Alkapur Township, Manikonda, Outer Ring Road",3
"Midas Enclave CHS , Nandiadwala Colony",3
Borabanda,3
Vile Parle West,3
"Gandhamguda, Bairagiguda",3
"Aecs Layout-Singasandra, Singasandra, Hosur Road",3
"Hiranandani Castle Rock, Powai",3
New Nallakunta,3
Ayanavaram,3
Kalina,3
"Lodha The Park, Worli",3
New Perungalathur,3
Dahisar East,3
Dum Dum Cantonment,3
"Hyder Shah Kote, Chevella Road",3
Mysore Road,3
Karapakkam,3
"Pocharam, NH 2 2",3
Malkajgiri,3
"Vittal Rao Nagar, Hitech City",3
Lake Gardens,3
Ramapuram,3
Sarjapur Road,3
Gopanapalli,3
"Sanath Nagar, NH 9",3
Oshiwara,3
Charkop,3
"Green Woods Chkala, Andheri East",2
Mylasandra,2
Garvebhavi Palya,2
"Raheja Heights, Malad East",2
Waterfield Road,2
"Promenade At The Address, Ghatkopar West",2
"Prakruthi Township, Hennur",2
"Banashankari Stage 2, Banashankari",2
"A Narayanapura, Mahadevapura",2
Kothanur,2
Kandivali East,2
"Hiranandani Regent Hill, Powai",2
Kodigenahalli,2
Amrutahalli,2
Laggere,2
"Omkar Alta Monte, Kurar Village",2
Adugodi,2
"Dr.Shivaram Karanth Nagar, Jakkuru",2
Sahakara Nagar,2
Hommadevanahalli,2
"Hillcrest, Andheri East",2
"Kanakia Paris, Bandra Kurla Complex",2
"diamond garden, Chembur East",2
"Dollars Colony-Rmv Extension Stage 2, RMV Extension Stage 2",2
"Phool Bagan, Kankurgachi",2
Vasanth Nagar,2
"Bikasipura, kanakapura Road",2
Anantapura,2
Attibele,2
"Doddanekundi, Kartik Nagar",2
Lavelle Road,2
"Banashankari Stage 3, Banashankari",2
"Jp Nagar Phase 6, J P Nagar, Outer Ring Road",2
Tumkur Road,2
Koramangala Block 4,2
Guttahalli,2
Seshadripuram,2
Konanakunte,2
"Malleshpalya, Kaggadasapura",2
Bommasandra,2
Kodigehalli,2
"Mallasandra, Jalahalli West",2
Btm Layout Stage 4,2
Chandapura,2
Kadugodi,2
"Ombr Layout, Banaswadi",2
Kengeri Hobli,2
Nagondanahalli,2
Babusapalya,2
Bagalakunte,2
Mahatma Gandhi Road,2
"Mallathahalli, Outer Ring Road",2
"Bhel Township- Malleshwaram, Malleshwaram",2
Varanasi,2
"Srinagar, Banashankari",2
Begur Road,2
Jayanagar,2
Medahalli,2
"Kalpataru Crest, Bhandup West",2
Doddanagamangala,2
Subramanyapura,2
Dadar East,2
"Hosa Road, off Hosur Road",2
Chamrajpet,2
"Jeevan Bima Nagar, Airport Road",2
Munnekollal,2
Bandel,2
"Vijaya Bank Colony -Bilekahalli, Bilekahalli",2
Upperpally,2
Kodungaiyur East,2
Saidapet,2
"Moulivakkam, Moulivakkam",2
Kilpauk,2
"Vengaivasal, Medavakkam",2
"Santhosapuram, Medavakkam",2
Padapai,2
Tharamani,2
Purasaiwakkam,2
"Poes Garden, Teynampet",2
Injambakkam,2
Moti Nagar,2
Karmanghat,2
Ameenpur,2
"Rasoolpura, Mahatma Gandhi Road",2
Nacharam,2
Narayanguda,2
"Neelankarai, E Coast Road",2
Thiruverkkadu,2
Nesapakkam,2
"Kannan Colony, Pazhavanthangal",2
Teynampet,2
Poonamalle,2
Kalavakkam,2
Vandalur,2
Chennai,2
S.Kolathur,2
"Singaperumal Koil, Tiruchi Chennai Highway",2
"Kundrathur, Pallavaram Kundrathur Main Road",2
Triplicane,2
MRC Nagar,2
"Kamakoti Nagar, Pallikaranai",2
Kellys,2
"Palavakkam, E Coast Road",2
Jawahar Nagar,2
"Zamin Pallavaram, Pallavaram",2
Nandanam Extension,2
Gajularamaram,2
Nanakram Guda,2
"Nallurhalli, Whitefield, Borewell Road",2
Santosh Nagar,2
Suraram,2
Aminpur,2
Chintalakunta,2
Medipally,2
"Anand Nagar-Khairatabad, NH 7",2
Prem nagar-Erragadda,2
"Dilsukh Nagar, NH 9",2
Shamshabad,2
Old Alwal,2
Balanagar,2
Hyderabad,2
Shaikpet,2
"Yousufguda, NH 9",2
"Tellapur, Outer Ring Road",2
Allwyn Colony,2
"Bhagya Nagar Colony, Secunderabad",2
Vidya Nagar,2
Rock Town Colony,2
"Safilguda, Secunderabad",2
"Khairatabad, NH 7",2
"Lakdikapul, NH 9",2
"Jillelguda, Medbowli",2
"Red Hills, Lakdikapul, NH 7",2
Secunderabad,2
"Mallampet, Outer Ring Road",2
KPHB Road,2
Bowenpally,2
Hitech City,2
"Chanda Naik Nagar, Madhapur",2
"Kokapet, Outer Ring Road",2
"Saroornagar, NH 9",2
Nanakaramguda,2
"Gachibowli CUC, Outer Ring Road",2
Trimulgherry,2
Jeedimetla,2
Bandam Kommu,2
"Khaja Guda, Outer Ring Road",2
Anna Nagar West,2
Annanagar East,2
Thirumullaivoyal,2
Mathur,2
Hari Nagar Ashram,2
"Guru Angad Nagar West, Laxmi Nagar",2
Rohini Sector 11,2
Lado Sarai,2
Dakshini Pitampura,2
"IGNOU Road, Saket",2
Mukherjee Nagar,2
Ram Nagar,2
Rohini Sector 3,2
Sultanpur,2
Sagar Pur,2
"DDA Flats Sarita Vihar, Sarita Vihar, Mathura Road",2
Dwarka Sector 23,2
"Jangpura Extension, Jangpura",2
Dwarka Sector 14,2
Hari Nagar,2
"Kailash Colony, Greater Kailash",2
"Palam Colony, Palam",2
Rohini Sector 23,2
Rohini Sector 18,2
"Jakkur Plantation, Jakkuru, Bellary Road",2
Srinivaspura,2
"Chamundeshwari Layout, Arakere",2
Sun City Layout,2
Annapurneshwari Nagar,2
Kudlu Gate,2
Whitefield,2
"Singasandra, Hosur Road",2
"Vimanapura, Airport Road",2
Subhash Nagar,2
Jakkur,2
Freedom Fighters Enclave,2
"Amar Colony, Lajpat Nagar",2
"Ganesh Nagar, Tilak Nagar",2
New Friends Colony,2
New Ashok Nagar,2
Green Park,2
Sangam Vihar,2
Rohini Sector 38,2
Lajpat Nagar 3,2
Sadhanadhapuram,2
Paschim Vihar Block A6,2
Vasant Vihar,2
"Vikram Vihar, Lajpat Nagar",2
"Panchsheel Vihar, Sheikh Sarai",2
Paschim Vihar Block A3,2
Madras Boat Club Road,2
Alandur,2
"Lodha Kiara, Worli Hill",2
New Delhi,2
Thirumazhisai,2
Abiramapuram,2
"Okkiyam Thuraipakkam, E Coast Road",2
Kayarambedu,2
AGS Colony-Velachery,2
Pattabiram,2
Irumbuliyur,2
Rohini Sector 21,2
Anand Niketan,2
"Gagan Vihar, Krishna Nagar",2
Rohini Sector 7,2
"Karkardooma, Anand Vihar",2
Preet Vihar,2
Mausam Vihar,2
"Nirman Vihar, Preet Vihar",2
"Pushpanjali, Anand Vihar",2
Raj Nagar 2,2
Bhajanpura,2
Shakarpur,2
Bindapur,2
Dwarka Sector 8,2
Mandawali,2
"Jagriti Enclave, Anand Vihar",2
"Saini Enclave, Anand Vihar",2
Chattarpur Extension,2
"Khanpur, Madangir",2
"Khirki extension, Malviya Nagar",2
"Altavista, Chembur",2
Choodasandra,2
"Mahalaxmi CHS, Worli",2
"Challenger Tower, Thakur Village, Kandivali East",2
Mahim,2
Goregaon East,2
locality,2
"Trans Residency, Andheri East",2
Anandapur,2
"K Raheja Maple Leaf, Powai",2
"Omkar 1973, Worli",2
Vile Parle East,2
Central Avenue Road,2
"Sethia Grandeur, Bandra East",2
Thakur Complex,2
Irla,2
Rajarhat,2
"Transcon Triumph, Lokhandwala Complex",2
"Action Area 1, Rajarhat Newtown",2
"Lodha New Cuffe Parade, Wadala",2
"Crescent Bay Callisto, Parel",2
"Lodha Bellissimo, Mahalakshmi",2
"Kudghat, Ashok Nagar",2
Sreebhumi,2
"Vishnu Shivam Tower, Thakur Village, Kandivali East",2
Central Area,2
Bata Nagar,2
"NG Royal Park, Kanjurmarg East",2
"Naktala, Garia",2
"Anandapuri, Barrackpore",2
"Hiranandani Atlantis, Hiranandani Gardens",2
"lokhandwala residency, Worli",2
Sion East,2
"Kanakia Levels, Malad East",2
Vip Road,2
Bhandup East,2
Beliaghata,2
"Park Circus, Ballygunge",2
"Mindspace, Mindspace",2
"Haridevpur, Paschim Putiary",2
Sher E Punjab Society,2
"Nirmal Lifestyle, LBS Marg",2
Baksara,2
Sarsuna,2
Tilak Nagar - Harbour Line,2
Bisharpara,2
"Akruti Orchid Park, Sakinaka Junction",2
Kurla West,2
Gulmohar Road,2
Madhyam Gram,2
"Amtala, Diamond Harbour Road",2
"MUKTA MAHEK, Thakur Complex",2
"Kumarpara, Narendrapur",2
"Silpara, Purba Barisha",2
"Oberoi Splendor Grande, Agarkar Chowk",2
"RNA ROYALE PARK, Kandivali West",2
Ajoy Nagar,2
"Hiranandani Gardens Torino, Hiranandani Gardens",2
"Bansdroni Mauza, Krishnanagar",2
Collector Colony,2
Jyangra,2
Parel,2
Jadavpur University,2
"Crescent Solitaire, Sakinaka Junction",2
"Man Opus, Mira Road",2
"HDIL Metropolis, 4 Bunglows",2
Sindhi Society Chembur,2
Shivaji Park,2
Dumdum Park,2
"Nakoda Heights, Nalasopara",2
"Evershine Millenium Paradise, Thakur Village, Kandivali East",2
"Godrej Tranquil, Kandivali East",2
"Teghoria, Baguiati",2
"Raheja Vista, Powai",2
D.N. Nagar,2
Survey Park,2
"Raj Legacy, Vikhroli West",2
Union Park,2
"Ekta Meadows, Borivali East",2
"Chandannagar, Hooghly-Chinsurah",2
"MJ Shah Centrio, Chembur",2
"DB Ozone, Mira Road",2
Film City,2
Konnagar,2
Kanchrapara,2
"Chinar Park, Rajarhat",2
Lal Baug,2
"Sabari Palm View, Chembur",2
"Insignia, Bandra East",2
"Sunteck City Avenue 1, Goregaon West",2
"Sheth Montana, Mulund West",2
"Lodha Azzuro , Parel",2
Chakala,2
Dakshineswar,2
Mumbai Central,2
"Gokul Apartment, Evershine Nagar",2
Pali Hill,2
"Sion East, Sion",2
Malancha,2
Nalasopara West,2
"Chaitanya Towers, Prabhadevi",2
Nimta,1
Ranikuthi Telephone Exchange,1
venkatesa perumal nagar,1
Uthandi,1
Kazhipattur,1
355 konnur highroad Ayanavaram,1
"Thanikachalam Nagar, Ponniammanmedu",1
"Kapaleeswarar Nagar, Neelankarai, E Coast Road",1
"Ananda Pally, Jadavpur",1
Ramrajatala,1
"Tiruvallur, Kakkalur, Chennai",1
Airport Area,1
"Michael Nagar, New Barrakpur",1
Rash Behari Avenue Connector,1
"Picnic Garden, Tiljala",1
"Siriti, Tollygunge",1
Anna Nagar-Pammal,1
Baughati,1
Ponneri,1
Mambakkam,1
Near Jeyachandran textiles,1
Garfa,1
rgl bungalows,1
"Dhakuria -South East, Dhakuria",1
"Sakuntala Park, Behala",1
"AH Block, Salt Lake",1
"Arunachalam Nagar, Madipakkam",1
Tiruvenkadam Nagar,1
Sivalingapuram,1
Jheel Road,1
"Noapara, Addarsha Pally",1
"Satgachi, South Dum Dum",1
"Arobindo Pally, Paschim Putiary",1
FC Block,1
Dr Ranga Road,1
Jagacha,1
Baidyabati,1
Redhills,1
Kadam Tala,1
Manikandan Nagar,1
"Saidapet West, Saidapet",1
"Panaiyur, E Coast Road",1
Purba Sinthi Area,1
CA 150 sector 1 saltlake,1
Majarhati,1
Thirumangalam-Anna Nagar West,1
"Krishna Nagar-Chromepet, Chromepet",1
700051,1
Jodhpur Park,1
New Kumaran Nagar,1
"Pazhavanthangal, Jawaharlal Nehru Road",1
BHEL Nagar-Medavakkam,1
independent Apartment dhandeeshwatam nagar velachery,1
in Saligramam,1
"Suriyammapet, Saidapet",1
"Tirumudivakkam, Thiruvanmiyur",1
Kallikuppam,1
Guindy,1
Ambattur railway station,1
mahindra city,1
58 block,1
2 BHK,1
"New Garia Metro, New Garia",1
Chembarambakkam,1
Thirunagar,1
"Kesari Nagar, Adambakkam",1
Hati Bagan - Bansdroni,1
"N.S.C Bose Road (Near Ushagate), New Alipore",1
"Ayyappa Nagar, Pallavaram",1
Dashadron Newtown Rajarhat,1
"Vetri Nagar, Perambur",1
New town near ecopark .,1
"Potheri, Kattankulathur",1
"Saraswathi Nagar-Neelankarai, Neelankarai, E Coast Road",1
"Puzhuthivakkam, Madipakkam",1
"RE Nagar, Porur",1
Ram Nagar-Nanganallur,1
Banu Nagar,1
Rani Anna Nagar,1
Santoshpur - EM Bypass,1
"Subramaniya Swamy Nagar, Valasaravakkam, Arcot Road",1
sspdl Mayfair,1
"Rajakilpakkam, Selaiyur",1
Kailasapuram-Mylapore,1
"Lake Area, Nungambakkam",1
Nalta,1
Thandalam,1
"Vivek Nagar, Garfa",1
Mudichur,1
Chintadripet,1
"Ask Nagar, Adambakkam",1
5000,1
Kalindi,1
Thiruneermalai,1
Washermanpet,1
Sriperumbudur,1
"Survey park, Santoshpur, kolkata",1
"Loganathan Colony, Mylapore",1
Indira Colony,1
"Erukkancheri, Kodungaiyur West",1
Nayabad,1
Kasi Estate,1
"Ganapathipuram, Chromepet",1
"Shyam Villa V, Dum Dum",1
"Shenoy Nagar, PH Road",1
"Sarat Ghosh Garden, Dhakuria",1
Purba Putiary,1
Vivekanathanagar kolathur,1
Santragachi,1
"Gowrivakkam, Sembakkam",1
"Central Bank Colony, Chromepet",1
"Madurdaha, Hussainpur",1
Kolapakkam - Vandalur-Kelambakkam Road,1
N G O nagar extn ponneri,1
Thiruporur,1
Manapakkam,1
Airport Area Behala,1
C.R.R. Puram L&T Colony,1
"Kamakshiamman Nagar Layout, Iyyappanthangal",1
"Ram Nagar South Extension, Madipakkam",1
Veerapuram,1
"Picnic Garden, E M Bypass",1
Harrington Road,1
"Ramkrishna Pally, Kaikhali",1
Elango Nagar-Virugambakkam,1
Em Bypass South East,1
"Tondiarpet, Ennore High Road",1
"VGP Seethapathy Nagar, Velachery",1
Polacheri,1
"Alapakkam, Porur",1
"Kamaraj Nagar-Thiruvanmiyur, E Coast Road",1
Kalyani,1
Avadi,1
"George Town, PH Road",1
Varadharajapuram,1
Pranthik Society Library Road Bhadreswar,1
Karanai,1
Kestopur,1
Prashant Collony Extension,1
Bijoygarh,1
Dasnagar,1
"Baishnabghata Patuli, Patuli",1
"Baby Nagar Extention, Velachery",1
Ramchandrapur north,1
Lanchor Abode valley,1
"Fartabad, Garia",1
Belgharia,1
Kodungaiyur West,1
Belgharia Nimta,1
"Sion East, Sion Koliwada",1
"Vedic Village, Rajarhat",1
Dashdrone,1
"Acharya Niketan, Mayur Vihar",1
"DDA Flat AD Block, Shalimar Bagh AD Block",1
"DDA Flats Sector E Pocket 1, Vasant Kunj",1
Palam Extension,1
"Geeta Colony PRWS Block 3 And 7, Rajgarh Colony",1
Jaitpur,1
Peera Garhi,1
Mahaveer Nagar,1
Sundar Nagar,1
Jhilmil Colony,1
West End,1
Tri Nagar,1
Krishna Park,1
Bhalswa,1
"Prasanna Vastu Chs, Jankalyan Nagar",1
"Tagore Garden, Rajouri Garden, Najafgarh Road",1
Karawal Nagar,1
Greater Kailash,1
"Sarita Vihar, Mathura Road",1
Amarpali Apartment,1
Sethi floor nihal vihar,1
Main Ghitorni,1
Pusa Institutional Area,1
"DDA Rose Apartments, Dwarka Sector 18B",1
"V3s East Centre, Laxmi Nagar",1
Jangpura,1
"East End Apartments, Ph. 1ext near new Ashok nagar",1
Aya Nagar Extension,1
"Lajpat Nagar II, null",1
"Arjun Garh, Aya Nagar",1
Sarojini Nagar,1
Dwarka Sector 5,1
"Baljit Nagar, Patel Nagar",1
Mahavir Enclave Part 3,1
B-7 veer Singh colony Budh vihar phase 2 delhi,1
"Maharani Bagh, New Friends Colony",1
"Naveen Shahdara, Shahdara",1
"Manak Vihar, Anand Vihar",1
Panchsheel Park,1
"DDA Flats Block B3, Keshav Puram, Tri Nagar",1
"Chhattarpur Enclave Phase1, Chhattarpur",1
Dwarka Sector 23B,1
Bhagwati Garden,1
Mayur Vihar,1
"DDA Devdoot Apartment, Vikaspuri",1
Sarita Vihar Pocket K,1
"Benzer Tower, Thakur Complex",1
Sarita Vihar Pocket C,1
"Hillcrest, Chakala MIDC",1
Rohini Sector 5,1
Khar,1
"Laxmi Nagar District Centre, Laxmi Nagar",1
Friends Colony,1
"Gaurav Apartment, Indraprastha Extension, Patparganj",1
Sheikh Sarai Phase 1,1
Reay road east,1
north chajjupur shahdara,1
"New Mahavir Nagar, Tilak Nagar",1
Dori Walan,1
Delhi estate Apartment,1
Ramesh Nagar,1
Vinod Nagar East,1
"Leo Ratnakar, Mahavir Nagar",1
Ashok Vihar Phase 2,1
"Safal Saraswati, Chembur",1
Surya Apartment pocket a11,1
Mayur Vihar 3,1
Gopalpur,1
Shri Swami Samarth Nagar,1
"Kishangarh, Vasant Kunj",1
Dwarka Sector 9,1
Dwarka Sector 17,1
"DJA Apartments, Dwarka Sector 13",1
"Vijaya Heritage, Chembur",1
Pul Prahlad Pur,1
"Everest Apartment, Kalkaji",1
Rohini Sector 15,1
Govindpuri Main,1
Dhanukar Wadi,1
Cghs apts.,1
Falt,1
"Dayanand Vihar, Anand Vihar",1
Munirka,1
Vinod Nagar West,1
"Shakarpur Khas, Shakarpur",1
Narela,1
"Shiva Enclave, Paschim Vihar",1
Rohini Sector 22,1
"Gokul Regency Apartment, Thakur Complex",1
Khurunjis zinnia Apartment Homes at Thambaram west,1
"Everard Nagar Co Operative Housing Society, Sion East",1
shivsagar,1
"Kyraa Ariso Apartment, Chembur",1
"Thillai Ganga Nagar, Nanganallur",1
Ennore,1
"Pushpa Colony, Saligramam",1
Pachaiyamman Nagar,1
"Montana Giona, Moti Nagar",1
"Man Opus, Kashimira",1
"Sapphire Heights, Lokhandwala Twp",1
"KK Nagar West, KK Nagar",1
T.Nagar,1
Mira Bhayandar,1
Film City Road,1
Oragadam Sriperumbudur,1
"Evershine Grandeur, Mindspace",1
Ranganathapuram-Medavakkam,1
G S T Road,1
Cuffe Parade,1
Tambaram Sanatorium,1
"Siddhivinayak, Bandra West",1
"Sangati Colony, Netaji Nagar",1
"Sahapur, New Alipore",1
2nd Main Road,1
"Shaheen Apartment, Andheri West",1
YES YES SARAS,1
villvam towers tnhb colony,1
"Venkateshwara Nagar, Ramapuram, PH Road",1
"Rose Queen, Old Khar",1
Sadasiva Nagar Madipakkam,1
East Coast Road,1
parivar safalya chs,1
Sion Hospital Colony,1
"Mappedu, Selaiyur",1
Jafferkhanpet,1
"Sai Palace Apartment, Vile Parle West",1
"Yogi Hills, Mulund West",1
Pudur,1
Tiruvallur,1
Camp Road,1
"Ambika Siddhi Apartment, Ghatkopar",1
"Jai laxmi Apartments, Indraprastha Extension, Patparganj",1
"Kanakia Rainforest, Marol",1
"Oberoi Woods, Goregaon East",1
"Vertical Bliss, Bandra West",1
GREEN PARK,1
Lodha Ajuro tower lalbag,1
"Lake Bloom, Powai",1
"Bhakti Park, Bhakti Park",1
Annanagar west,1
Ponmar,1
"Dheeraj Swapna Apartment, Pali Hill",1
Juhu Tara,1
"Lake Florence, Powai",1
Kambar Colony,1
"Anita, Lokhandwala Twp",1
Evershine Nagar,1
Mahavir Nagar,1
"Hiral Greens, Mira Road East",1
"Nalanda Apartment, Vikaspuri",1
Sant Nagar,1
Poongavanapuram,1
shabri shan,1
Dina Bama Estate,1
"Bunder Garden, Perambur",1
"Sethia Kalpavruksh Heights, Irani Wada",1
darshan ricco Tower,1
Kanjurmarg West,1
"Karambakkam, Porur",1
Kovilancheri,1
"Kalpataru Towers, Akurli Nagar",1
Kanathur Reddikuppam,1
Sikkarayapuram,1
"Kailash Tower, Nalasopara",1
"Heena Gaurav Jewels, Gokuldham",1
"Anant Bhoomi, Mahavir Nagar",1
"India Bulls Sky Forest, Lower Parel",1
"Almeida Park, Turner Road",1
"Ekta Parksville, Virar West",1
Madanankppam,1
"Green Park Apartment, Millat Nagar",1
"Beach Towers, Prabhadevi",1
"Kolte Patil Jai Vijay, New Airport Colony",1
"Dheeraj Hill View Tower, Thakur Village, Kandivali East",1
Teachers's Colony-Lakshmipuram,1
"Bharath Nagar, Porur",1
Osman Nagar,1
Pancha Sayar,1
Srisailam Highway,1
Prakash Nagar,1
Budwel,1
Rajendra Mandal,1
"Shrachi Village, Madhyam Gram",1
"Ambedkar Nagar-Boduppal, Secunderabad",1
Namalagundu,1
VIP Road Haldiram,1
"Chak Thakurani, Thakurpukur",1
"Alijapur, Qutub Shahi Tombs",1
LIG Colony,1
Camelot Layout,1
HMT Swarnapuri Colony,1
"Troop Bazaar, Koti",1
Chanchalguda,1
"Magnolia Prestige, Rajarhat",1
Film Nagar,1
"Dum Dum Heights, Jessore Road",1
Rhoda Mistri Nagar,1
Kalikapur,1
Sai Nagar-Uppal,1
chettipunniyam,1
RTC Cross Road,1
Panjagutta Colony,1
Nizam Colony,1
Humayun Nagar,1
"Rabindra Sarobar Area, Dhakuria",1
"Pragathi Nagar, Moosapet",1
Prashanth Nagar,1
"Lingampally-Serilingampally, NH 2 2",1
"Champapet, Koti",1
"Project Kaikhali, Vip Road",1
"B N Reddy Nagar, Nagarjuna Sagar Road",1
"Indra Nagar, Moti Nagar",1
Dellapur,1
"Sun City, Bandlaguda, Chevella Road",1
Bheeram guda,1
Opposite andhra mahila sabha,1
Bhadrakali,1
in Bandlaguda Jagir,1
"Hari Hara Puram, B N Reddy Nagar",1
"Sitaphalmandi, Padmarao Nagar",1
"Model Town Colony, Nawab Saheb Kunta",1
"Gundlapochampally, Outer Ring Road",1
shukhobrishti,1
"Baishnavghata patuli , house number s-300 Kolkata 700094",1
"Hormany nest Apartments gandipet Apartmentge hyderabad, Hyderabad",1
Nawab Saheb Kunta,1
Bagbazar,1
"Avenue S, Santoshpur",1
Sri BALAJI CLASSIC BHAVANI NAGAR RD NO 5,1
Prashanth hills,1
Pratiraksha Nagar,1
Patelguda,1
Abhyudaya Nagar,1
Khanapur,1
Dhulapally,1
"Hazra, Kalighat",1
"Purbasan, Thakurpukur",1
"Bidhan Pally, Bansdroni",1
"Bapu Nagar, Lakdikapul",1
Road no 3 banjara hills hyderabad 500035,1
" in Erragadda, NH 9",1
Tiljala Road,1
Sankaritola,1
"Parnashree Lake, Behala",1
Gwachiwali,1
"Subhash Nagar, Secunderabad",1
"MLA Colony, Banjara Hills",1
Boral,1
RTC Colony-Chandanagar,1
Akkineni Homes Yousufguda,1
Nalagandla,1
" in Boduppal, NH 2 2",1
Vidyanagar,1
"DNM Colony, Sanath Nagar",1
Kasba -East,1
"Bharat Nagar, Moosapet",1
Saidabad,1
Gurramguda balaj homes p no 4,1
railway employees housing colony Bollarum,1
"Kanaka Durga Colony, Gudimalkapur",1
"Gangaram, Chandanagar, NH 9",1
" Beeramguda, Ramachandra Puram, NH 9",1
"Janachaitanya colony, Hyderabad Expressway",1
OU Colony-Shaikpet,1
Vikas Nagar-Bandlaguda Jagir,1
Kanchan Bagh,1
"Sivarampalli, Hyderabad Expressway",1
" in Miyapur, NH 9",1
"Srinivasa Colony, Secunderabad",1
Thumukunta,1
"Chintal, NH 7",1
Manigunda,1
"Indis VB CITY, Bollaram railway station",1
5-20 Adharshnagar,1
"Kakateeya Nagar, Secunderabad",1
Sangareddy District,1
Punjagutta X Roads,1
Rodamestri Nagar,1
B.S.Maktha,1
Asif Nagar,1
Manneguda,1
"Pocharam, Hyderabad near infosys",1
Secretariat Hills,1
"Murad Nagar, Lal Darwaza, Falaknuma Road",1
Gudimalkapur,1
"Ragannaguda, Outer Ring Road",1
"Jaya Puri Colony, Nagole",1
Sri Nagar Colony,1
"Akshya nagar, Raghavendra colony, Road no:4,Boduppal",1
Mithila Nagar-Banjara Hills,1
Dharmapuri Colony,1
aparna sarovar grande,1
"Naseeb Nagar, Hyderabad",1
"Neknampur, Manikonda, Outer Ring Road",1
Mokila,1
sanath nagar Ashok colony,1
"Godavari Homes, Quthbullapur",1
BN Reddy Nagar,1
Vinayaka Nagar,1
"Saket, Secunderabad",1
K P H B Phase 9,1
"Netaji Nagar Colony, Langar Houz",1
"Vikrampuri, Secunderabad",1
"Srinagar Colony, Old Malakpet, NH 9",1
"Venkataramana Colony, Secunderabad",1
"Anandbagh, Secunderabad, Moula Ali Road",1
Kuntloor,1
"Kukatpally Housing Board Colony, NH 9",1
New Mallepally,1
"Sai Raghavendra Colony, uppal",1
Balapur,1
"Sikh Apartmentge, NH 7",1
Adibatla,1
"Modi Paradise, Hayathnagar, Hyderabad",1
Kakatiya Hills Madhapur,1
"Rethibowli, Mehdipatnam",1
"Tarapuri Colony, Secunderabad",1
Ammenpur,1
"Vahini nagar, Karkhana, Hyderabad road no 2a",1
"Mallikarjuna Nagar, Secunderabad",1
Whitefields,1
New Town Action Area 1,1
"Bongloor, Outer Ring Road",1
"Venkata Ramana Colony, Nagole",1
Madhura Nagar,1
East Nehru Nagar,1
Badesahebguda,1
Nadeem Colony,1
Kistareddypet,1
South Dum Dum,1
"Kodalia, Hooghly-Chinsurah",1
"Lalaguda, Secunderabad",1
"Ayodhya Nagar, Quthbullapur",1
"Domalguda, Himayath Nagar, NH 7",1
"Gouri Shankar Nagar Colony, Banjara Hills",1
in Kushaiguda,1
KBR Laxmi Residency,1
Petbasheerabad,1
"SV Nagar, Secunderabad",1
Vijaya Puri Colony,1
"Koti, NH 9",1
Akhilandeswari Nagar,1
"Moosarambagh, NH 9",1
"Opp. Deccan college, Darusalam",1
"Mythri Nagar, Hafeezpet, NH 9",1
"Srini kunj Anasuya Enclave, Lingampally, Kachiguda, Hyderabad",1
"Palm Avenue Kolkata, Ballygunge",1
Natunhat,1
Hyderabad Shah Guda,1
Vandanapuri colony,1
"Siddhi Vinayak Nagar, Madhapur",1
"Dwarakapuri, Punjagutta, NH 9",1
K P H B Phase 4,1
Adikmet,1
Deepthisri nagar colony,1
Yeshwanthpur,1
Ali Bagh Kala pather,1
"Tarulia, Keshtopur",1
"New Boiguda, Boiguda",1
Ram Bagh Colony,1
Hastinapuram,1
Paschim Barisha,1
"New Nagole Colony, Kothapet",1
IDA Uppal,1
in 1-71/1/a,1
Periyamet,1
"Bangur Avenue, Lake Town",1
Hooghly,1
"Kalabagan, Tollygunge",1
Rishra,1
"Action Area 3, Rajarhat Newtown",1
Deepa Appartment Turnbulls,1
Kamarajar Salai,1
Andal Nagar,1
Pallavan Nagar-Thiruverkadu,1
Anna Nagar East,1
Arcot Road Virugambakkam,1
Chinna Porur,1
Oliyas Green court,1
Prestige Bellavista,1
"Iyyappanthangal Bus Stop, Iyyappanthangal, PH Road",1
Alwarthirunagar,1
Nandivaram-Guduvancheri,1
Kasturibai Nagar,1
"Mattan Kuppam, Triplicane",1
besant nagar Chennai,1
"Rabindrapally, Garia",1
TNGOS Colony,1
Hatiara,1
"Pathak Para, Behala",1
Panchanantala Road,1
Bow Bazar,1
New Alipore,1
My Own House,1
Azadgarh,1
Mandirtala,1
Dhakuria,1
"Gayatri Hills, Jubilee Hills",1
"Abids, NH 7",1
Fathenagar,1
Rabindra Sarovar Metro,1
Aruna Colony,1
"Regent Estate, Bijoygarh",1
south station pally dankuni,1
Kumargali,1
Brahmapur,1
Chilakalguda,1
poush,1
Purba Barisha,1
Housing Board,1
"MAHA BUILDERS, SAIMAA CASTLE, VELACHERY",1
Sahid Nagar,1
"Luz, Mylapore",1
kumari neo town,1
CBI Colony,1
"Ullagaram, Pallavaram-Thuraipakkam Road",1
Porur Gardens,1
Jyothi Nagar-Ekkatuthangal,1
"Kubera Nagar, Madipakkam",1
rajakillpakkam,1
"Jaya Nagar, Porur, Chennai Bypass Road",1
Kambar Nagar-Kolathur,1
"Narayanapuram, Kovilambakkam",1
"Sakthi Nagar, Adambakkam",1
Vettuvankeni,1
"Ponniamman Nagar, Iyyappanthangal",1
"Devi Karumariamman Nagar, Velachery",1
Menambedu,1
Nest bliss sholinganallur,1
"Old Pallavaram, Alandur",1
"Baishnabghata, Garia",1
"TTK Nagar, Tambaram",1
Gandhi Nagar Adyar,1
Arasankalani,1
Dilshad Garden,1
Semmenchery,1
Keelkatalai,1
Indra Nagar,1
Ranjith Road,1
Cmbt,1
Duraisamy Nagar,1
"Rajakipakkam, Sembakkam",1
"Vimalapuram, Manali",1
"Paddy field street,Perambur",1
Choolaimedu High Road,1
Rabindrapally Kestopur,1
"Guindy Race Course, Guindy",1
Nungi More,1
"Bharathidasan Colony, KK Nagar",1
Nandanam,1
Kuthanur,1
"Ambattur Industrial Estate, Chennai Bypass Road",1
"Manali, Manali High Road",1
"Adyar, Thiruvanmiyur, Chennai",1
"Radha Nagar, Chrompet",1
CIT Nagar,1
kasba bosepukur,1
Narendrapur,1
chatana,1
"Halisahar Station Road, Kanchrapara",1
E M Bypass,1
in Trimulgherry,1
"Gulmohar Park Colony, Serilingampally",1
"Panchanan Tola, Thakurpukur",1
Bandari Layout,1
"VIP Nagar, E M Bypass",1
Mominpur,1
Anupuram Colony,1
Shamirpet,1
"Dunlop, Dakshineswar, Belgharia Expressway",1
"Jote Shibrampur, Joth Shibrampur",1
Kabardanga,1
Haltu,1
Botanical Garden Area,1
"Arvind Nagar Colony, Toli Chowki",1
Bonhooghly,1
Nilgung Old Bazar,1
Bapu Nagar-Langar Houz,1
New Malakpet,1
Lal Darwaza,1
Benia Pukur,1
Hyderaguda-Attapur,1
filmnagar. hydrabad,1
Hindmotor,1
Mukundapur,1
Entally,1
Vijay nagar colony m,1
"Padmanabha Nagar, Mehdipatnam",1
"KMR Estates, Serilingampally",1
Ramchandrapuram Mandal,1
"Dash Drone, Rajarhat Newtown",1
"Rajdanga Gardens, Kasba",1
South Baksara,1
sri sai arcade madinaguda,1
"Kismatpur, Outer Ring Road",1
"Sukhpally, Haltu",1
"Alkapur Township, Hyderabad",1
Garia Dhalua Nabapally,1
Behala silpara,1
New Barrakpur,1
IAS Colony,1
Madhura Nagar-Nizampet,1
"Thakurpukur, Kolkata",1
"Chandulal bela colony, shahalibanda",1
"APHB Colony-Moula Ali, Moula Ali Road",1
"Sukanta Nagar, New Barrakpur",1
"Tagore Park, Kasba",1
KTR Colony,1
Parnasree Pally,1
"Buddha Nagar Colony, Boduppal",1
sarsuna banerjee para,1
Near Seven Tanks Road Dumdum Station,1
in Maruthi Nagar-Dr A.S. Rao Nagar,1
Sukchar,1
A 307 Blossom Heights,1
Narayanaguda,1
BRAHMAPUR NEAR BANSDRONI,1
Ultadanga,1
tollygunge Kabardanga,1
safuipara,1
"Basheer Bagh, Hyderabad,",1
"Annapurna Apartment, Rajarhat Chowmatha",1
Bhawanipur,1
Jaffarpore Rifle Range Road,1
Dariya,1
Liluah,1
Near DumDum Metro,1
Khardah,1
Andul,1
"Bollaram, Outer Ring Road",1
in Syed Ali Guda,1
Bagha Jatin Pally,1
"Pathar Gatti, NH 7",1
Defence Colony Layout,1
rishi aurobindo sarani neat NIOH hospital,1
Airport Near Gate No. 21/2,1
"Bandlaguda Jagir,, Hyderabad",1
Purbasa,1
Kattedan Rd,1
Barasat-Barrackpore Road,1
"Balapur X road,Triveni nagar",1
"Biren Roy Road (W) Chowrashtra Behala, Raja Rammohan Roy Road",1
jadavpur central park east,1
Tn Chatterjee Street,1
Chandrayanguttabalguda,1
Seri Lingampally,1
Hatiara Extention,1
"Patrika Nagar, Hitech City",1
ECIL,1
"Mallepally, NH 7",1
Vasant Kunj Sector C,1
Badarpur,1
gg1 vikas puri,1
Horamavu kelkkeri road,1
Altamount Road,1
"Wadhwa Atmoshphere, Mulund West",1
"Hbr Layout Block 4, HBR Layout",1
"Rbi Layout, J P Nagar",1
Bhayandar East,1
Nisarga capital appartment,1
Hutchins Road,1
"Ganpat Niketan Apartment, Khar West",1
"Vishweshwaraiah Layout, Annapurneshwari Nagar",1
"Hrbr Layout, Kalyan Nagar, Outer Ring Road",1
"Dreams Complex, Bhandup West",1
"Ananda Puram, Jeevan Bima Nagar",1
"Sarakki Nagar, J P Nagar",1
Century Bazaar,1
Kempapura Agrahara,1
Deonar,1
Mehboob Studio,1
Poisar,1
7 Bungalows Andheri West,1
"Jaya Nagar Block 7, Jayanagar",1
Mukund Nagar,1
"Meenakshi Layout, Kengeri",1
"Kanakia Hollywood, Sai Nagar",1
No 309 6th A cross Banashankari 1st stage 2nd block Bangalore 560050,1
"Lodha Marquise, Worli Sea Face",1
"Atur Park, Chembur",1
"M C Layout, Vijayanagar, Magadi Road",1
"Sanjeevini Nagar, Hegganahalli",1
"Raj Grandeur, Powai",1
"Kabra Centroid, Kalina",1
"Raj Grandeur, Hiranandani Gardens",1
"Takshila CHS, Andheri East",1
Ragavendra Industrial Estate,1
"DLH Orchid, Lokhandwala Complex",1
"Alta Monte, Pathanwadi",1
"Godrej Serenity Mumbai, Chembur",1
Chakala Cigarette Factory,1
Magadi Road,1
"Green Gate Apartment, Pali Hill",1
Thammenahalli Apartmentge,1
Nagavara,1
Sivanchetti Gardens,1
Madanayakahalli,1
"Lake Primrose, Powai",1
"Marathon Embryo, Bhandup West",1
"Dwarka Nagar, Kattigenahalli",1
"Kr Garden-Murugeshpalya, Murugeshpalya, Airport Road",1
Babusahib Palya,1
Girinagar,1
"Island City Centre, Dadar East",1
"Conwood Astoria, Film City Road",1
Nelamangala,1
"Jaya Nagar Block 1, Jayanagar",1
Vijaya Bank Layout,1
"Balaji Layout -Hongasandra, Hongasandra",1
shanti kutir tunga village powai,1
"Kumaraswamy Layout, Kumaraswamy Layout",1
"Mahindra Splendour, Bhandup West",1
Jogupalya,1
Kacharakanahalli,1
"Vv Nagar, Bikasipura",1
venkatapuram,1
"Vinayakanagar, Hebbal",1
"L Nagpal Ruby, Turner Road",1
Jankalyan Nagar,1
"Mayfair Sonata Greens, Park Site Colony",1
Kengeri Main Road,1
"Swayam Apartment, Poonam Gardens",1
"Sonal Apartment, Bhandari Compound",1
"Balaji Gardens Layout, Gottigere",1
"Udayanagar Extension, Mahadevapura",1
"Kalasipalyam, Kalasipalyam",1
"Gaurav Heights, Kandivali West",1
JAR Shikara,1
Opera House,1
"Isro Layout, Kumaraswamy Layout",1
Dadar West,1
"Parinee Adney, Borivali West",1
"Adani Western Heights, 4 Bunglows",1
"Nem Vihar, Mulund West",1
"Tilak Nagar, Jayanagar, bannerghatta main Road",1
Bhatti Pada,1
in Bannerghatta Road,1
"Gemstar Symphony Apartment, Kandivali West",1
"Kaustubh Platinum, Datta Pada",1
"Oberoi Springs, Andheri West",1
"Omkar Ananta, Film City Road",1
Matunga East,1
"Aristo Pearl Residency, Prabhadevi",1
orchid suburbia,1
"Garebhavipalya, Hongasandra, Hosur Road",1
Jalahalli East,1
Near coffee board layout,1
"Lakkasandra, Wilson Garden, bannerghatta main road",1
"Ballerina Apartment, Lokhandwala Complex",1
"Devinagar, Outer Ring Road",1
"Bydara Halli, Benson Town",1
"Immadihalli, Whitefield",1
Virar West,1
"Mangammanapalya, Hosur Road",1
Kodichikkanahalli Main Road,1
"Man Opus, Mira Road East",1
"Sinthan Nagar, Thanisandra",1
"Lake Homes, Powai",1
"Fci Layout, Deepanjali Nagar",1
Yari Road,1
"Chikkana Layout, Kammanahalli",1
"Jp Nagar Phase 2, J P Nagar",1
"Cosmopolis Tower, Andheri West",1
"Chikkasandra-Jalahalli West, Jalahalli West",1
"Dinnur, Hebbal",1
"Konappana Agrahara, Electronic City",1
Hesaraghatta Main Road,1
"Rustomjee Elements, Andheri West",1
"Yelachenahalli, Kumaraswamy Layout, Kanakapura Road",1
Mulund Railway Station,1
"Ajmera Treon, Bhakti Park",1
"Langford Town, Shanti Nagar, Hosur Road",1
IC Colony,1
"Oasis, Akurli Nagar",1
Nimbekaipura,1
"Hiranandani Verona Co op Housing Society Ltd, Powai",1
HMT Layout Nagasandra,1
Akshayanagar,1
Kengeri Satellite Town,1
"Cleveland Town, Frazer Town",1
"Kanungos Garden City, Mira Road East",1
Yelechenahalli,1
"Hoodi Circle, Hoodi",1
Yashodham,1
"Jaya Nagar Block 5, Jayanagar",1
"Nobo Nagar, Kalena Agrahara",1
"Ilyas Nagar, Kumaraswamy Layout",1
"Chamundi Nagar, Rajajinagar",1
Dattani Park,1
"Peenya Industrial Area, Tumkur Road",1
"Violette Valley, Bandra West",1
Meenakshi Layout Hosa Road,1
"Raj Hill, Borivali East",1
"Guddadahalli, Mysore Road",1
in Byculla,1
"Kanakia Sevens, Andheri East",1
"Blue Monarch, Marol",1
Kachohalli,1
"Magnum Tower CHS, Lokhandwala Complex",1
Vibhutipura,1
Rukmini Nagar,1
"Kanakia Sanskruti, Thakur Complex",1
"Bedarahalli, Magadi Road",1
"Moodalaplya, Vijayanagar",1
"Dosti Flamingo, Sewri",1
"Shiv Ganga Apartment, Malad West",1
Rmv Extension Stage 2,1
"Kenmore Apartment, Lokhandwala Complex",1
Ullal Upnagar,1
"Ambrosia Apartment, Borivali East",1
"Vishwapriya Nagar, Begur",1
"Lodha Fiorenza, Goregaon East",1
Hegganahalli,1
Peddar Road,1
"Platinum Prive, Andheri West",1
Ananth Nagar,1
B.Narayanapura,1
Begur Koppa Rd,1
Nerul sector-3,1
Kannur,1
Bhattarahalli,1
Raghuvanahalli-Bcmc Layout,1
Mudhaliar layout,1
"Ishwardas Bhuvan CHS, Kandivali East",1
"Arakere Mico Layout, Arakere",1
Jaya Nagar Block 3,1
Datta Pada,1
Bangalore,1
"Suryodaya CHS, Prabhadevi",1
"Manibhadra Avenue, Morya Nagar",1
Anushakti Nagar,1
"Balkrishna, Goregaon East",1
"Jagadish Nagar, Kaggadasapura",1
"Omkar Ananta, Goregaon East",1
"Shamanna Garden, Wilson Garden",1
"Flora Heights, Andheri West",1
Nagarabhavi,1
Tata Nagar,1
Hoysala Nagar,1
"Marutinagar,",1
"TATA Housing Merwanjee Cama Park, Andheri West",1
"Hill Road, Bandra West",1
"Ramaiah Layout, Kacharakanahalli",1
"Godrej Prime, Chembur",1
"Purushottam Towers, Dadar West",1
"Dr Babasaheb Ambedkar Road, Mumbai",1
Naigaon East,1
Nahur Gaothan,1
Mahatama Gandhi Road,1
"Vasant Oscar, Mulund West",1
"Ratan Silicon Park, Jankalyan Nagar",1
"Acme Avenue, Kandivali West",1
"Antop Hill, Wadala",1
sunanda circal,1
Virar,1
"Dsk Madhuban, Sakinaka Junction",1
"Hari Kunj II, Sindhi Society Chembur",1
"Samarth Srishti, Bhandup West",1
JB Nagar,1
"Aims Sea View, Indralok",1
"Laksharia Tower, Andheri West",1
"Oasis, Lokhandwala Twp",1
"Satyam Springs, Deonar",1
"Orchid Residency, Link Road",1
"Godrej Central, Chembur",1
"Hubtown Sunmist, Chakala",1
"Alpine, Kandivali East",1
Ketki Pada,1
"Odyssey Bhakti Park, Bhakti Park",1
"Raheja Heights, BMC Colony Malad East",1
"Alpine Shapoorji Pallonji, Thakur Village, Kandivali East",1
"Sheth Auris Serinity, Malad West",1
"Rivali Park, Borivali East",1
Vile Parle,1
Ekta Nagar,1
"Shree Sai Usha Complex, Bhandup West",1
"Royal Palms Diamond Isle Phase II, Aarey Milk Colony",1
"Salasar Garden, Beverly Park",1
"Conwood Astoria, Goregaon East",1
in Kandivali West,1
"Crescent Bay T3, Bhoiwada",1
"TATA Falcon Crest, Parel",1
"Gokul Gagan, Thakur Village, Kandivali East",1
"Sheth Beaumonte, Sion Koliwada",1
"Godrej Tranquil, Lokhandwala Twp",1
"Srishti Solitaire, Bhandup Industrial Estate",1
"Pali Hill Apartment, Pali Hill",1
Lodha casa rio,1
chakala andheri east,1
Jacob Circle,1
"Sanghvi Evana, Worli",1
Shilphata,1
"Royal Residency, Lal Baug",1
Bhandup,1
"Wadhwa Atmosphere, Mulund West",1
"Aspire, Thakur Village, Kandivali East",1
"Neumec Elegance, Lower Parel",1
"Oberoi Prisma, Agarkar Chowk",1
"Shimpla Vighnaharta CHS, Seven Bungalows",1
"Sufalam CHS, Chembur East",1
"Insignia, Bandra Kurla Complex",1
"Techno Park I, Kandivali East",1
"Kailash Tower, Powai",1
Sakinaka Junction,1
"Ekta Trinity, Santacruz West",1
"Windsor Grande Residences, Andheri West",1
"Ashford Casa Grande, Lower Parel",1
"Benchmark Solus, Waterfield Road",1
"Akruti Aneri, Marol",1
"Vasant Sagar, Thakur Village, Kandivali East",1
"Sejal Tower, Goregaon West",1
"Lodha Eternis, Chakala MIDC",1
"Kanakia Sevens, Marol Maroshi Road",1
"Panch Complex, Powai",1
"Sabari Ashville, Chembur East",1
"Auris Serenity, Adarsh Nagar",1
"Rustomjee Elanza, Mindspace",1
"GSA Grandeur, Gokuldham",1
"Unicorn Global Arena, Naigaon East",1
"Tulip at Runwal Forests, Kanjurmarg West",1
"Auris Serenity, Link Road",1
"Aspire, Kandivali East",1
Bhandup Village,1
"Kanakia Rainforest, Andheri East",1
"Adityavardhan Apartment, Raheja Vihar",1
"vanamali chs ghatla, Ghatla",1
"Manavsthal, Andheri East",1
"The Windsor, Kandivali East",1
Devi Pada,1
New Devchhaya Building,1
"Sanjona Gulmarg Towers, Chembur East",1
Hiranandani Gardens,1
"Midas PMGP Mhada Colony, PMGP Colony",1
"Gaurav Excellency, Mira Road",1
"Hubtown Gardenia, Mira Road",1
"simla house at nepeasea road, Napean Sea Road",1
"Tridhaatu Bhaveshwar Vilas, Central Avenue Road",1
Hindu Colony,1
Talaghattapura,1
"Thakur Jewel, Thakur Village, Kandivali East",1
"Paras Building, Sion East",1
"Irla, Vile Parle West",1
Serenity Complex,1
Charkop Sector 6,1
"Hiranandani Gardens Odyssey I, Hiranandani Gardens",1
in Mahim West,1
"Omkar Meridia, Bandra Kurla Complex",1
"Orchid Suburbia, Bander Pakhadi",1
"Madhugiri Society, Chembur",1
Perry Rd,1
"Valentine Apartments, Gokuldham",1
"Badrinath Tower, Amit Nagar",1
"Sumit Greendale, Chikhal Dongari",1
"Sai Aasha Daya, Mulund East",1
"117 Residency, Chembur East",1
"Srishti Elegance, Bhandup West",1
Azad Nagar Colaba,1
"Indiabulls Blu, Worli Naka Acharaya Atre Chowk",1
"Utkarsh CHS, Prabhadevi",1
"Samarth Garden, Bhandup West",1
Taloja Phase 2,1
"Lady Ratan Tower, Worli",1
"White Lily Apartment, Bhandup East",1
"Hiranandani Regent Hill, Hiranandani Gardens",1
"Chikkalasandra, Bangalore",1
"Kalpataru Antariksha, Prabhadevi",1
Nagappa Reddy layout-Dooravani Nagar,1
Talagatta Pura,1
in Sion,1
"Dosti Ambrosia, Wadala East",1
"Bombay Dyeing Two ICC, Dadar TT Circle",1
"Saaga Mrunali CHS, Shantivan",1
in Borivali West,1
"World One Tower Mumbai, Worli",1
"Lokhandwala Octacrest, Lokhandwala Twp",1
Bhoiwada,1
"Lodha Venezia, Parel",1
"L&T Emerald Isle, Chandivali",1
Ghatkopar,1
in Andheri West,1
"Vintage Pearl Apartment, Bandra West",1
"Kabra Metro One, Seven Bungalows",1
"Alpine Apartments, Chembur East",1
"Sindhi Society, Chembur",1
"Ruparel Ariana, Parel",1
"Dheeraj Valley Tower, Goregaon East",1
JL Tambe Nagar,1
"Milap CHS, Seven Bungalows",1
"Celestia Spaces, Balkrishna Dadu Karade Chowk",1
Sion Trombay Road,1
"Shiv Dham Apartment, Goregaon East",1
"Band Stand, Bandra Band Stand",1
"Rajesh Raj Classic, Yari Road",1
"Raheja Ridgewood, Goregaon East",1
"Marathon Next Gen Era, Lower Parel",1
in Borivali East,1
"Sky Villa, Gokuldham",1
in Santacruz East,1
Kurla,1
Juhu Versova Link Road,1
Ghatla,1
"Chanchal Kalyan Complex, Yari Road",1
"HDIL Premier Residences, Kurla West",1
"Greenfields CHS, Andheri East",1
"Marigold-5, Beverly Park",1
"Raheja Exotica Sorento, Madh",1
"Eco Residency, Andheri East",1
in Mira Road,1
"Swastik Pride, Chembur East",1
"Indraprastha CHS, Bhayandar East",1
"Spring Leaf, Lokhandwala Twp",1
"Romell Aether, Goregaon East",1
Amar Nagar,1
"Prathamesh Heritage, Beverly Park",1
"SK Imperial Heights, Mira Road East",1
"Safal Twins, Chembur",1
Ashok Van,1
"Uttam Society, Chembur",1
"Royal Palms, Goregaon East",1
Srinagarchs chembur west near sankralyammandir,1
"MidCity Shikhar, Andheri West",1
"Raheja Imperia, Worli",1
Vikhroli,1
"Godrej The Trees, Pirojshah Nagar",1
"The Primordial House, Kemps Corner",1
"Mayuresh Srishti, Bhandup West",1
"diamond garden, Chembur",1
"Galassia, Kandarpada",1
"Bhoomi Elegant, Thakur Complex",1
"Lakshchandi Height, Goregaon East",1
Mahajan Wadi,1
indiranagar near bda complex,1
Wadala,1
"Munirka Vihar, Munirka",1
"Chitra Vihar, Swasthya Vihar",1
"Queens Palace, Bandra West",1
Vasant Kunj Sector B,1
Dilshad Colony,1
"Bindra Complex , Andheri East",1
Rohini Sector 16,1
"Ivory Tower, Prabhadevi",1
Parmanand Wadi,1
"Kailash hills, East Of Kailash",1
Chittaranjan Park Block B,1
Dwarka sec 19,1
"Unity the Amaryllis, Karol Bagh",1
dwarka sector 8 Raj Nagar extension part 2,1
"Vaibhav Apartments, Dadar West",1
"Bhogal, Jangpura",1
"Avarsekar Heights, Worli",1
"Kohinoor Apartment, Kalkaji Extention",1
"Lake Superior, Powai",1
South,1
"Lovedale Residences, Malad West",1
"Kohinoor City Phase II, Holly Cross Church Chowk",1
Mansarover Garden,1
Worli Sea Face,1
"Marine Palace, Marine Lines",1
buena vista,1
Geeta Colony,1
"Nicon Infinity, Vasai East",1
"Mandakini Enclave, Alaknanda",1
"Rustomjee Central Park, Chakala",1
"Altavista, Sion Trombay Road",1
Vivek Vihar Phase 2,1
"Raghubir Nagar, Tagore Garden Extension",1
"Inder Puri Block A, Inder Puri",1
Kings Circle,1
Gandhi Nagar,1
Chinmay Gaurang Infrastructure Old Panvel,1
Prem Nagar,1
Bijwasan,1
Gandhi Market,1
Ganga Vihar,1
"Janak Park, Hari Nagar",1
Jhangir Puri,1
Dwarka Sector 7,1
Kalkaji Extension,1
"Nahar Jonquille and Jamaica, Chandivali",1
Govandi Station Road,1
New Rajendra Nagar,1
Nagarabhavi BDA complex,1
"Dodda Banaswadi, Banaswadi",1
"Keshav Puram, Tri Nagar",1
GH Society,1
"Kadugondanahalli, Kadugondanahalli",1
"Gubbalala, Subramanyapura",1
Karihobanahalli,1
Prestige Acropolis,1
Devanahalli,1
Rajamahal Guttahalli,1
"Vyalikaval, Malleshwaram",1
"Virat Nagar, Bommanahalli",1
"Sakhi, Kandivali West",1
"Sena Vihar, Kammanahalli",1
Wilson garden Bangalore,1
"Kereguddadahalli, chikkabanavara Bangalore",1
"Hegde Nagar, R.K.Hegde Nagar",1
Yelahanka Dodda Ballapur Road,1
"Raheja Artesia, Worli",1
Punyabhoomi Layout,1
"Itc Colony, Maruthi Sevanagar",1
Kadabagere,1
Hauz Khas,1
"Raheja Heights Phase 2, Gokuldham",1
"Island City Centre, Dadar TT Circle",1
"Nizamuddin East, Nizamuddin",1
"Shiv Bhagtani Manor 3A, Powai",1
Bandra East,1
Antop Hill,1
Rambaug,1
"Dheeraj Insignia Apartment, Bandra Kurla Complex",1
Agripada,1
"Lake Primrose, Chandivali",1
"Universal Neo Galaxy, Bhuleshwar",1
Navi Mumbai-Khargar-Panvel,1
Walkeshwar,1
"Godrej Platinum, Vikhroli East",1
Shakti Nagar,1
"Sugee Sadan, Dadar West",1
Sudarshan Park,1
"Hudco Living Point, Bhandup West",1
"Keshav Srishti, Bhandup West",1
"Runwal Elina, Andheri East",1
"Llyod Estate, Wadala",1
"Sunglow, Chandivali",1
Parle Colony,1
Byculla West,1
90 ft road,1
"Mahendru Enclave, Model Town",1
Chittaranjan Park Block K,1
Gharoli,1
"Vasant Marvel, Magathane",1
Cherlopalli TIRUPATI,1
Kadipur,1
Trilokpuri,1
"Devli, Sangam Vihar",1
Chirag Delhi,1
"Lodha Altia, Wadala East",1
Sarita Vihar Pocket M,1
"Rustomjee Seasons, Bandra East",1
"Gangaram Vatika, Vishnu Garden",1
"Stellar Tower, Lokhandwala Complex",1
Beverly Park,1
Vivek Vihar,1
Vikhroli West,1
"Ashok tower, Parel",1
Janakpuri Block B1,1
Dr Mukherjee Nagar West,1
"Deep Heights, Nalasopara",1
"Ashoka Enclave Apartment, Dwarka Sector 11",1
"Dheeraj Kiran CHS Walad West, Sunder Nagar",1
Chikuwadi,1
"Lodha Bel Air, Jogeshwari West",1
Mount Mary,1
Dwarka Sector 22,1
"Highland Tower, Dwarka Sector 12",1
Chirag Nagar,1
Rohini Sector 17,1
Sheikh Sarai,1
Gokuldham,1
"Ekta Legranz, Chembur",1
Vivek Vihar Phase 1,1
"Lodha Primero, Mahalakshmi",1
Vikash Nagar,1
Rohini Sector 4,1
"Maidan Garhi, Chhattarpur",1
"Nirankari Colony, Mukherjee Nagar",1
Shahdara,1
"Shreenath nagar, Morya Nagar",1
"Sundew CHS, Chandivali",1
"Garden View Apartment, Aarey Milk Colony",1
Suram Park Society,1
"Viswas Park, Matiala",1
Ber Sarai,1
sra,1
"Ahimsa Marg, Mindspace",1
Adarsh Nagar,1
Nawada,1
Srishti Complex,1
"Bharat Ark, Andheri West",1
Vasundhara Enclave,1
"Jamia Nagar, Okhla",1
Mansa Ram Park,1
Palam - Dabri Marg,1
"Kotla, Mayur Vihar",1
"Fateh Nagar, Janakpuri",1
"Vasant Kunj 2, Vasant Kunj",1
Krishna Nagar Block D,1
Mansarovar garden,1
"Prem Nagar, Patel Nagar",1
"Highway Park Apartment, Kandivali East",1
Hastsal,1
"Khanpur Extension, Sangam Vihar",1
"Supreme Divine Light CHS, Chakala",1
Kapi Bagan Basti,1
RWA triveni residents,1
Rangpuri,1
"Mount Marry, Mount Mary",1
"Saraswati Sadan, Parel",1
"Mount Marry, Bandra West",1
Rohini Sector 2,1
"HDIL Metropolis, Andheri West",1
Rohini Sector 8,1
Paschim Vihar Block B1,1
Shanti Niketan,1
Mamletdarwadi,1
"Kotla Mubarakpur, South Extension",1
"Rajpur Khurd Extension, Rajpur",1
Radhey Shyam Park,1
"Chanakya Place, Sitapuri",1
"Bharthal, Dwarka",1
Rock garden Chs,1
"Qutub Vihar, Dwarka",1
"Juveria Apartment, Mazgaon",1
Anand Parbat,1
"DDA Akshardham Apartments, DS 19",1
"Lodha NCP Commercial , Wadala",1
"Kabra Centroid, Santacruz East",1
Krishna Nagar,1
"Kasturba Niketan, Lajpat Nagar 2",1
"The Shabad Apartment, Dwarka Sector 13",1
Cunningham Road,1
"Srinivasa Nagar-Banashankari, Banashankari",1
Wilson Garden,1
"Panch Ritu, Chandivali",1
"spring grove uno, Lokhandwala Twp",1
Koramangala Block 1,1
"Aditya Nagar-Vidyaranyapura, Vidyaranyapura",1
Basavanapura,1
Ulsoor Road,1
Channasandra,1
"Hoodi, Hoodi",1
CV Raman Nagar,1
Mailasandar,1
"Hal Layout, Hosur Road",1
Thambuchetty Palya,1
Ejipura,1
Vijay Enclave,1
Banjara Layout,1
Sathnur,1
Saki Vihar Road,1
Anand niwas,1
Gunjur,1
New Bel Road,1
Pant Nagar,1
ITI Layout,1
"Pai Layout-Hulimavu, Hulimavu",1
Haralur Road,1
Vaderahalli,1
"Smoky Hill Apartment, Bandra West",1
Kyalasanahalli,1
Ramachandrapuram Rajajinagar,1
Sanjay Nagar Stage 2,1
Grant Road,1
new panvel,1
"Chuchangatta Colony, J P Nagar",1
"Maruthi Nagar-Yelahanka, Yelahanka",1
"Yashodham Complex, Goregaon East",1
"Royal Lakefront Phase-3 North, JP Nagar Phase 8",1
Outer Ring Road,1
"Sunflower Apartment, Bandra West",1
"Manyata Residency, Thanisandra",1
"Seetharampalya, Hoodi",1
"Hsr Layout Sector 3, HSR Layout",1
"Oberoi Exquisite II, Film City Road",1
Kithiganur,1
"Mahindra Vivante, Chakala",1
"Jumbo Darshan , Andheri East",1
"Gokul Accord, Thakur Complex",1
New Thippasandra,1
"DLH Orchid, Andheri West",1
"Imperial Heights, Goregaon West",1
"Oberoi Splendor, Agarkar Chowk",1
"Ews Colony, BTM Layout",1
Bhuvaneswari Nagar,1
"Syndicate Bank Colony, Arakere",1
Visthar,1
"holy complex ,Mira Road, Mumbai",1
"Thakur Village, Kandivali East",1
"Hmt Layout Block 4, Vidyaranyapura",1
"Horamavu Agara, Hormavu",1
Kudlu,1
"Jyothi Nagar, Dooravani Nagar",1
"Shampura, Kaval Byrasandra",1
"Richmond Town, Richmond Town",1
"Paschim Apartments, Prabhadevi",1
"Bhairav Residency, Mira Road",1
"MHADA Century Mill, Prabhadevi",1
Rampura,1
"Coffee Board Layout, Nagavara",1
"Chembur Heights, Sindhi Society Chembur",1
Manayata Tech Park,1
"Veena Signature, Borivali West",1
Peenya 2nd Stage,1
Gottigere Main Rd,1
Carter Road,1
Kogilu,1
"Maruthi Extesnion, Rajajinagar",1
Langford Gardens,1
Kasturi Nagar,1
"Dodda Nekkundi Extension, Kartik Nagar, Outer Ring Road",1
Shrikrupa Society,1
"Jaya Nagar Block 8, Jayanagar",1
"Shivananda Nagar, Vijayanagar",1
Doddabanahalli,1
"Ags Layout, Hebbal",1
Parappana Agrahara,1
"East Of Ngef Layout, Bennigana Halli",1
Hosa Road Junction,1
"Hsr Layout Sector 6, HSR Layout",1
"Itpl, Whitefield",1
"Velentine Tower, Goregaon East",1
Budigere Cross,1
"RNA Broadway Avenue, Mira Road",1
"Bohra Layout, Gottigere, bannerghatta main Road",1
"Bhel Layout, Rajarajeshwari Nagar",1
Kalyan Nagar,1
"Hsr Layout Sector 2, HSR Layout",1
Gh society,1
"Aradhana Layout, Arakere",1
"Vikas Finalay Apartments, Parel",1
Krishna Reddy Layout -Domlur,1
Sadashiva Nagar,1
Agrahara Layout,1
Koramangala 8Th Block,1
Garden City University,1
Marathahalli-Sarjapur Outer Ring Road,1
anjali,1
Kadugodi Pattalamma Layout,1
Dhobi Ghat- Rajajinagar,1
Jnana Ganga Nagar,1
Bda Layout -Lingarajapuram,1
"Kammagondahalli, Jalahalli",1
Singahalli,1
"Maruthi Nagar-Kaggadasapura, Kaggadasapura",1
HRBR Layout Block 1,1
Bettadasanapura,1
"Lingarajapuram, Lingarajapuram, Hennur Main Road",1
Aarna Enclave,1
"Runwal Greens, Mulund West",1
"Laxminarayana Layout, Munnekollal",1
Bagalur,1
"Usha Nagar Society, Bhandup West",1
Anjanapura,1
Ganga Nagar,1
"Vinayak Nagar, Kattigenahalli",1
"Sai Colony, Krishnarajapura",1
"Domlur, Domlur",1
Doddakammanahalli,1
"Cooke Town, Cooke Town",1
Nagarathpete,1
"Rustomjee Regency, Gomant Nagar",1
"Doddathoguru, Electronic City",1
Doddabidarakallu,1
Airport Road,1
"Ambedkar Colony, Yelahanka",1
"Chikbasavnapura, Krishnarajapura",1
Nagadevana Halli,1
Koramangala Block 3,1
"Chowdeshwari Layout, Yelahanka",1
Ullal Main Road,1
Hosur Road,1
Hormavu Ring Road,1
Mavalli,1
Doddaballapur Road,1
Nagvarpalya Main Road,1
Raghavendra Layout,1
Cox Town,1
Ramagondanahalli,1
Neelasandra,1
"Rbi Colony-Jayanagar, Jayanagar",1
"Venkateshappa Layout-Kammanahalli, Kammanahalli",1
"Subhash Nagar, Kengeri Satellite Town",1
"Nanja Reddy Colony, Jeevan Bima Nagar",1
Chinnapanna Halli,1
Aduru,1
Basaveshwara Layout,1
Benson Town,1
"Hbr Layout Block 2, HBR Layout",1
Ramaswami Palya kammanhalli,1
Virupakshapura,1
Yemalur,1
"Abbiareddy Layout, Kaggadasapura",1
Kalkere,1
"Mcechs Layout, Jakkuru",1
Attiguppe,1
Ragavendra Nagar,1
"Aditi Apartment, Andheri West",1
Bilal Nagar-Sagayapura,1
Lakshmipura,1
in Matunga West,1
Dahisar West,1
"Devarachikannahalli, Begur Road",1
"Venkatpura, HSR Layout",1
"Jeevanhalli, Cox Town",1
"Chelekare, Kalyan Nagar, Outer Ring Road",1
BBMP convertion layout,1
"Attur Layout, Yelahanka New Town",1
Best Nagar Goregaon West,1
RT Nagar,1
Shanti Nagar,1
Sir M V Nagar,1
"Riddhi Garden, Film City Road",1
Tannery Road,1
Margondanahalli,1
"State Bank Of India Colony, Hegganahalli",1
"Jayanti Nagar, Hormavu",1
Kengeri Upanagara,1
"Ittamadu, Banashankari, Outer Ring Road",1
"Rmv Extension, Armane Nagar",1
snv la,1
"Manikonda, Hyderabad",1
